時間日期,網址,標題,公眾人物,Ⅰ社會貢獻|Ⅰ建議方法|Ⅰ發現問題|Ⅱ未能處理|Ⅱ詢問回應|Ⅱ宣揚口號|Ⅱ政見發表|Ⅲ負面方法|Ⅲ負面行為|Ⅳ破壞民主|承諾|拖延|
2026/08/22,https://www.facebook.com/juihsiang.lin.79/posts/pfbid02DQzLTKqH6B2o9cgCzakPiJvdq3sGuLqn9sQn634ytbhzLSvZd7QJo8C5QSpZZdexl,一步一腳印・走訪篇,0000年12月25日林瑞祥,0000年12月25日林瑞祥-Ⅱ宣揚口號
2026/08/19,https://www.facebook.com/juihsiang.lin.79/posts/pfbid0rzw4emMfsHNBNMy4x28dAufq81XomadBVsP5mfoiF4tRUNz894XKKvDUjonUzQQ4l,七夕情人節，祝天下有情人終成眷屬🌹🏹,0000年12月25日林瑞祥,0000年12月25日林瑞祥-Ⅱ宣揚口號
2026/08/16,https://www.facebook.com/juihsiang.lin.79/posts/pfbid02EkxvLo5G6wqczj988zVeHXoYiyZs2djEpoXgLt5dF1DFAGtKwLUv6gTYWyYyXmvNl,信仰扎根・愛在部落,0000年12月25日林瑞祥,0000年12月25日林瑞祥-Ⅱ宣揚口號
2026/08/16,https://www.facebook.com/juihsiang.lin.79/posts/pfbid0E5yg9fXt7G29FyzGm6NNRh152Df23p8SBf4vwJY4zGZsqTAWQwrJuPha9VNCXHn2l,信仰扎根七十載・愛與希望永傳承,0000年12月25日林瑞祥,0000年12月25日林瑞祥-Ⅱ宣揚口號
2026/08/15,https://www.facebook.com/juihsiang.lin.79/posts/pfbid0opFymHjsqEydkSDnC4MPHADrr5SisJ1uY2ERicTtdRFKmP69MV6xYUAt9pttkef7l,一步一腳印・文化傳承篇,0000年12月25日林瑞祥,0000年12月25日林瑞祥-Ⅱ宣揚口號
2026/08/08,https://www.facebook.com/juihsiang.lin.79/posts/pfbid02vAQSJ2Qt6SFYA1b7SYhWNL6nFza91wjTkCbR4x5wXU7TR2adFVTQytk4uS6GKcTjl,祝福全天下的爸爸 父親節快樂🎊,0000年12月25日林瑞祥,0000年12月25日林瑞祥-Ⅱ宣揚口號
2026/08/04,https://www.facebook.com/reel/1041660245394005,民眾黨黨慶七週年南投雲林隊星光大道,0000年12月25日林瑞祥,0000年12月25日林瑞祥-Ⅱ宣揚口號
2026/08/04,https://www.facebook.com/reel/1056321580686128,民眾黨黨慶七週年，南投雲林的夥伴加油💪<br>＃永夜暗夜：所以你做了什麼？,0000年12月25日林瑞祥,0000年12月25日林瑞祥-Ⅱ宣揚口號
2026/08/03,https://www.facebook.com/juihsiang.lin.79/posts/pfbid02RrsHMizTmitHFEZ2rd1DpvHnrxoVwbzHAU1S7FsLZdxVoWTaTQd1k5r5wakkG7THl,為台灣一起上場・為仁愛一起打拚,0000年12月25日林瑞祥,0000年12月25日林瑞祥-Ⅱ宣揚口號
2026/08/03,https://www.facebook.com/juihsiang.lin.79/posts/pfbid0HgMJYMZsSTQKZoTZ71hMWiQ7TQt8MdqZCjBRRVs4q5iBmNMa7iXaib6mYSvjJYTZl,藝術重生・文化扎根,0000年12月25日林瑞祥,0000年12月25日林瑞祥-Ⅱ宣揚口號
2026/08/02,https://www.facebook.com/juihsiang.lin.79/posts/pfbid0VwkC8XunqWHxDHiBnHcf1QrNZrfVN7Dr8YoeNmye5to19TdotTxgoBG8C6PBxjpMl,一步一腳印・走訪篇,0000年12月25日林瑞祥,0000年12月25日林瑞祥-Ⅱ宣揚口號
2026/08/02,https://www.facebook.com/juihsiang.lin.79/posts/pfbid036NS4Ugq8nde11gGdAh9eHGsQjyEvRkYvqvtgP5hRizkPYMukFyx5fpBc4Bi2gSyFl,南投仁愛鄉 柯文哲、林瑞祥,0000年12月25日林瑞祥,0000年12月25日林瑞祥-Ⅱ宣揚口號
2026/08/02,https://www.facebook.com/juihsiang.lin.79/posts/pfbid0ANcfG1CKN1XG8BvtSZXXzrNW6oeHtxTRHSZLrcK93TrBVKTvLWRFqeHBvBRvf8Zql,阿北來仁愛鄉鄉長參選人林瑞祥客廳會,0000年12月25日林瑞祥,0000年12月25日林瑞祥-Ⅱ宣揚口號
2026/08/02,https://www.facebook.com/juihsiang.lin.79/posts/pfbid0718U3EDjapLKB3qMkmjnovuaTH3vppAhvNMqwRsG5KUt3eQ4nshgQQmYR2zq6nSsl,柯P仁愛鄉走透透，跟鄉民問安問侯,0000年12月25日林瑞祥,0000年12月25日林瑞祥-Ⅱ宣揚口號
2026/08/01,https://www.facebook.com/juihsiang.lin.79/posts/pfbid02qB7CgPkzgZQWDiNBT8fVDgzBC3pPopwzr1W61oatCX9qTqZ2iDiVkcV8tPMLCFiTl,部落清潔日,0000年12月25日林瑞祥,0000年12月25日林瑞祥-Ⅰ社會貢獻+1
2026/07/29,https://www.facebook.com/juihsiang.lin.79/posts/pfbid0GVDmE4pXn7kPm1idtkB2E3ZnrMuhXBTfLZzUhrbNY6g3iBbawuJfsfZanJy15gDsl,一步一腳印-走訪篇,0000年12月25日林瑞祥,0000年12月25日林瑞祥-Ⅱ宣揚口號
2026/07/28,https://www.youtube.com/live/9xyMqxqf_d4?si=SgpsuuEwF-ltlZSw,2026/07/28 阿北來南投縣仁愛鄉 鄉親客廳會！ft.林瑞祥,0000年12月25日林瑞祥,0000年12月25日林瑞祥-Ⅱ宣揚口號
2026/09/20,https://www.facebook.com/juihsiang.lin.79/posts/pfbid02pkyKeNKhg6zQocyhs3yVmzsbSRLiixDoACBULFJZvidFy1Aya7TT3HrKeWmZztYsl,一步一腳印-幸福篇,0000年12月25日林瑞祥,0000年12月25日林瑞祥-Ⅱ宣揚口號
2026/09/19,https://www.facebook.com/reel/1957721278258113,一步一腳印,0000年12月25日林瑞祥,0000年12月25日林瑞祥-Ⅱ宣揚口號
2026/09/19,https://www.facebook.com/juihsiang.lin.79/posts/pfbid02WgLTxMMjU6y1up7YiTCVRwM8S8hjfc4rAwQr8QnBrxd9gmhzRNpKhAzGwTpS9fPbl,一步一腳印｜走訪篇,0000年12月25日林瑞祥,0000年12月25日林瑞祥-Ⅱ宣揚口號
2026/09/16,https://www.facebook.com/juihsiang.lin.79/posts/pfbid02U2Zvxzh4Ku6x6QSzbUT5G7pmvueqYyeuSfpy1H89iDfGWBr2vjLpWhc8RRhui7Ckl,9月15日來到法治村武界部落，參加田老先生告別禮拜，向長者致上最後的敬意，也願家屬節哀珍重，族人彼此扶持、平安順心。,0000年12月25日林瑞祥,0000年12月25日林瑞祥-Ⅱ宣揚口號
2026/09/13,https://www.facebook.com/juihsiang.lin.79/posts/pfbid02XGC64Qxy6y2M2Lii5wVr5Z7ikC7Z4JthgEa94og72DvVQt6DSs1h9WFuAFycUQvQl,**一步一腳印-走訪篇** 🤝,0000年12月25日林瑞祥,0000年12月25日林瑞祥-Ⅱ宣揚口號
2026/09/12,https://www.facebook.com/juihsiang.lin.79/posts/pfbid052gErqFvenwFuZf8pPyqqH4m41n1Y4UmwrpnPcNXSBJkjq7ibhaT9cKgLoSxmow9l,一步一腳印・文化傳承篇,0000年12月25日林瑞祥,0000年12月25日林瑞祥-Ⅱ宣揚口號
2026/09/10,https://www.facebook.com/juihsiang.lin.79/posts/pfbid0YwVtAyhDsgZuj5caBx7SL3zEit6BesnvADTdM98EA1ftvpQLqVeGKakVaL9AKASrl,一步一腳印-文化傳承篇,0000年12月25日林瑞祥,0000年12月25日林瑞祥-Ⅱ宣揚口號
2026/09/09,https://www.facebook.com/juihsiang.lin.79/posts/pfbid02op3E6Rh4huoXfUcs85Yp3dUQMXoiztcBh26hgKvLWn6P2pvEFrrUg4RzfM1jMttBl,一步一腳印・走進發祥村,0000年12月25日林瑞祥,0000年12月25日林瑞祥-Ⅱ政見發表
2026/09/08,https://www.facebook.com/juihsiang.lin.79/posts/pfbid02SHsp28prNGeVtbyQydx7N9QPZKNm9jiUbnEBpxA7P515rrpSRURcFLRh2fTPP9btl,一步一腳印・走訪篇,0000年12月25日林瑞祥,0000年12月25日林瑞祥-Ⅱ宣揚口號
2026/09/08,https://www.facebook.com/juihsiang.lin.79/posts/pfbid02q5sAJfXp81kGM2iM6vqib3xmZD4brnEeDKVswYTw3X4hBbPz2gcjqNRWY8ZAzDtfl,一步一腳印・走訪篇,0000年12月25日林瑞祥,0000年12月25日林瑞祥-Ⅱ宣揚口號
2026/09/07,https://www.facebook.com/juihsiang.lin.79/posts/pfbid023d6YSDa7j39oyFLC4YDR19VYkYdp1c93oQPS5XdH7YDG6f68AVAFysCftr2FYVmXl,一步一腳印・走訪篇,0000年12月25日林瑞祥,0000年12月25日林瑞祥-Ⅱ宣揚口號
2026/09/04,https://www.facebook.com/juihsiang.lin.79/posts/pfbid0agjg2rLJUH1C269mwgY8XxbVRrtTNTFFPEcEmqSa3uW3MEzwb4PMBNoFHVR2Do5Ll,今天賽德克文健站聯合舉辦活動，在春陽長老教會，與所有長輩表達關心之意，祝福長輩身體健康，每天都有快樂平安的生活。,0000年12月25日林瑞祥,0000年12月25日林瑞祥-Ⅱ宣揚口號
2026/09/02,https://www.facebook.com/juihsiang.lin.79/posts/pfbid0oWg9hRb4XRWLXkSrfSRDbonF6SEBWUnKg6wiDuwe9GWSSdjmwKjxwzB6w1Gsg7Esl,一步一腳印・正式登記,0000年12月25日林瑞祥,0000年12月25日林瑞祥-Ⅱ宣揚口號
2026/08/28,https://www.facebook.com/juihsiang.lin.79/posts/pfbid02SqmPoKD3TBtEr2dfb3eyeakv5rTwN3WXQDehBF81PTGwqwrZNphtZGSCT7u2d9Kel,瑞祥今日下午到仁愛鄉公所領取仁愛鄉鄉長的領表程序。瑞祥沒有雄厚的資源與背景，也不是政治世家出身，但擁有一顆願意為仁愛鄉付出的心。自己參選的初衷，是希望以真誠、務實的態度投入地方服務，為仁愛鄉鄉親做事，為家鄉未來提出願景。,0000年12月25日林瑞祥,0000年12月25日林瑞祥-Ⅱ宣揚口號
2026/08/27,https://www.facebook.com/juihsiang.lin.79/posts/pfbid028bJV6HxTXqbMMTwVUxesZRdoH8FxqL75Rh73ZifMSypycvD11Q4EeysivmYXYxipl,一步一腳印・走訪篇,0000年12月25日林瑞祥,0000年12月25日林瑞祥-Ⅱ政見發表
2026/08/23,https://www.facebook.com/juihsiang.lin.79/posts/pfbid02h5cWZtWmnPJYcB8jRCrkgx49tRzwawdjNL5ktUxHgpc27GyKaqFHBVpdtQyTmMe8l,一步一腳印-文化傳承・幸福同行,0000年12月25日林瑞祥,0000年12月25日林瑞祥-Ⅱ宣揚口號
2026/08/10,https://youtu.be/Y-dOBoKFpIk?si=5e86qsc7pEkuyOPJ,鳴人愛拉麵，Andy哥改吃沖繩麵！竹北也有沖繩麵王？｜Andy哥炫food日記🍜,1981年12月11日邱臣遠,1981年12月11日邱臣遠-Ⅱ詢問回應
2026/08/08,https://youtu.be/gMgn8XW45pk?si=-omyHR8f3gU_nYNQ,【小臣故事多】恭喜瑞德當爸爸！Andy哥送尿布＋紅包，更送上竹北育兒政策大禮包🎁,1981年12月11日邱臣遠,1981年12月11日邱臣遠-Ⅱ政見發表
2026/08/05,https://youtu.be/5zo_oVcdlBE?si=dEEdrH3hplWvOeMA,竹北不只是竹北！邱臣遠發表城市願景｜打造幸福城市五大藍圖｜竹北市長參選人,1981年12月11日邱臣遠,1981年12月11日邱臣遠-Ⅱ政見發表
2026/07/26,https://youtu.be/CfSBOdRT--s?si=i_ulx3H-rs_rwOah,【5.7億軍火案翻車！】裝修公司標炸藥案解約　邱臣遠：當初說經得起檢驗的人，要不要道歉？,1981年12月11日邱臣遠,1981年12月11日邱臣遠-Ⅱ詢問回應
2026/07/26,https://youtu.be/io-tqzGiY-U?si=3oQQqceYO2ltmTvC,【演習還是擾民？】4G、5G降速1%跟斷網有什麼差別？邱臣遠質疑政府雙重標準！,1981年12月11日邱臣遠,1981年12月11日邱臣遠-Ⅰ發現問題+1
2026/07/25,https://youtu.be/4BxOXTUOxEk?si=PnxVADlbwBZMggCR,【竹北市場掃街】謝謝志工用鏡頭記錄每一步！攤商一句「你很常來！」最感動❤️｜Andy哥邱臣遠,1981年12月11日邱臣遠,1981年12月11日邱臣遠-Ⅱ宣揚口號
2026/07/22,https://youtu.be/NwrxGmwKUyk?si=8SWbUZ55pLi1dx4y,食安即國安！毒油事件不分顏色、政府要負責、民眾要安心｜@chiu_chenyuan 《民眾之聲》精華 #竹北邱臣遠 #幸福真永遠❤️,1981年12月11日邱臣遠,1981年12月11日邱臣遠-Ⅱ宣揚口號
2026/07/21,https://youtu.be/ubvWuIlVWZ4?si=2KHanV-iIpQafDvR,Andy哥與你相約7/30！大新竹黨員小草志工座談會。雙太陽+幸福真永遠❤️ #柯文哲 #黃國昌 #邱臣遠 #台灣民眾黨,1981年12月11日邱臣遠,1981年12月11日邱臣遠-Ⅱ宣揚口號
2026/06/28,https://youtu.be/XyvUwjRbD-g?si=KcC8gw1c64Kqp5HJ,#andy哥炫food日記🍜竹北人都吃這家？在地10年老店「曾家乾麵」！邱臣遠帶你吃出竹北人情味 ❤️ 《完整版》,1981年12月11日邱臣遠,1981年12月11日邱臣遠-Ⅱ宣揚口號
2026/06/15,https://youtu.be/oID_dDgJNIY?si=g3p73J7NsH9is5eM,竹北未來怎麼走？邱臣遠誓言打造大新竹核心引擎！｜民眾新竹隊誓師大會 #邱臣遠 #幸福真永遠 #竹北市長參選人 #民眾黨,1981年12月11日邱臣遠,1981年12月11日邱臣遠-Ⅱ宣揚口號
2026/05/24,https://youtu.be/GdcqdBTsI9s?si=9NI0oQ5qHnnUzdEp,#中正萬華唯一支持 #吳怡萱‼️ 「堅持四年，怡直都在」 #幸福真永遠 #邱臣遠 @吳怡萱 @chiu_chenyuan,1981年12月11日邱臣遠,1981年12月11日邱臣遠-Ⅱ宣揚口號
2026/05/02,https://youtu.be/gxrr52mD-iQ?si=btotL5GBHqobEo1B,巨達獻唱，母親節快樂🌸 #幸福真永遠❤️ #邱臣遠 #民眾黨新竹黨部 #柯文哲 #柯媽媽 @chiu_chenyuan,1981年12月11日邱臣遠,1981年12月11日邱臣遠-Ⅱ宣揚口號
2026/04/30,https://youtu.be/4YaU4dkFaPY?si=VBzKQYjwvt8w_szJ,生生好骨力 竹市孩子頭好壯壯 | 跟風聊新竹 EP.6,1981年12月11日邱臣遠,1981年12月11日邱臣遠-Ⅱ政見發表|高虹安-社會貢獻+2
2026/09/22,https://www.youtube.com/live/eitShpT4OwA?si=3QJSt5mgRHibk_u8,「花蓮市政 戴你來看」花蓮市長候選人戴于文 政策記者會<br>＃永夜暗夜：可是我連你的資料都查不清楚耶。,0000年00月00日戴于文,0000年00月00日戴于文-Ⅱ政見發表
2026/06/18,https://www.youtube.com/live/Vh0YcVSaPoE?si=b_e19AUtborW98YH,2026-06-18《POP搶先爆》周楷專訪戴于文 談「駁白營退黨潮之說，柯文哲稱新陳代謝」,0000年00月00日戴于文,0000年00月00日戴于文-Ⅱ詢問回應
2025/03/06,https://www.youtube.com/live/2iIIlKTtAS0?si=KCB_q5jJtRFEmwIv,2025-03-06《POP大國民》周楷專訪戴于文 談「卸下黨發言人身分！戴于文轉換跑道選2026？/ 黃國昌全台參訪首選台中！延續藍白合到2026甚至2028？」,0000年00月00日戴于文,0000年00月00日戴于文-Ⅱ詢問回應
2025/12/25,https://www.youtube.com/live/a6-KLdPZctI?si=6qhGR-Nuu5gCuk8p,2025-12-25《POP大國民》周楷專訪戴于文 談「藍白立院同進退！賴清德不低頭！/ 柯文哲『老母雞』！戴：黃國昌也是『新母雞』！」,0000年00月00日戴于文,0000年00月00日戴于文-Ⅱ詢問回應
2019/09/02,https://youtu.be/v7BoAlzbzFw?si=FRNQK4eev6jyg8Ew,戴于文出任臺北市政府副發言人,0000年00月00日戴于文,0000年00月00日戴于文-Ⅱ詢問回應
2026/07/15,https://www.youtube.com/live/kbwblV0qD_Y?si=vru-QfW-76MHWHj5,【直播】「新花蓮·新政治」台灣民眾黨徵召戴于文參選花蓮市長暨民眾花蓮隊成軍誓師記者會,0000年00月00日戴于文,0000年00月00日戴于文-Ⅱ宣揚口號
2025/11/25,https://www.youtube.com/live/-_Bb322EiIE?si=AI8t_wFRPeJ3E50k,【儀表出眾】直播大來賓｜眾望基金會戴于文來了!兩人竟然有許多人生中的巧合?!相識近十年的戰友有什麼料可以爆？ #柯文哲 #劉奕霆 #民眾黨 #直播,0000年00月00日戴于文,0000年00月00日戴于文-Ⅱ詢問回應
2026/09/19,https://youtube.com/shorts/7Nm_l9GvpSU?si=I0ftOE9k4VHEzAOA,離開家鄉多年，我在外累積十年的市政推動經驗，如今回來，是希望把所學帶回花蓮，和大家一起打造一座更有希望、更有活力的城市。花蓮新政治，洄瀾首都，共榮好城市。,0000年00月00日戴于文,0000年00月00日戴于文-Ⅱ政見發表
2026/09/19,https://youtube.com/shorts/PjLyF1jR8XU?si=npTClFh3uclGoh2t,黃國昌主席快問快答挑戰來了！🎤第一印象到人格特質，透過幾個快問快答，帶大家更認識戴于文。起來看「戴于文是誰！」系列影片！,0000年00月00日戴于文,0000年00月00日戴于文-Ⅱ詢問回應
2026/09/19,https://youtube.com/shorts/Z7i015VM5EY?si=yjzf2bLNWnMbd7WE,來到 Cipawkan 吉寶竿部落參加豐年祭，和族人朋友一起歌唱、跳舞，感受部落文化的熱情與生命力。豐年祭承載著感恩、團聚與文化傳承。謝謝族人的熱情邀請，也祝福部落豐收平安、文化世代延續！,0000年00月00日戴于文,0000年00月00日戴于文-Ⅱ詢問回應
2026/09/19,https://youtube.com/shorts/6gRlP9Ebp5I?si=Kar5dXOQwqq1IGY2,這一陣子拜訪了許多鄉親朋友，也聽到很多建議，由衷感謝。民眾黨花蓮隊也會全力以赴，繼續一步一腳印，為花蓮走得更遠、拚得更用力！,0000年00月00日戴于文,0000年00月00日戴于文-Ⅱ詢問回應
2026/09/19,https://youtube.com/shorts/Nxz3KzZnfsQ?si=ZFxEQjc9s6LR8l7X,繼續向前走，和鄉親朋友打招呼、聽大家的聲音。謝謝每一份鼓勵，也謝謝每一個願意停下來和我聊幾句的朋友。每一次交流，我都很珍惜。我會加緊腳步衝刺，把大家的期待放在心上，為更好的花蓮打拚！,0000年00月00日戴于文,0000年00月00日戴于文-Ⅱ詢問回應
2026/09/19,https://youtube.com/shorts/7rbWwCNcBbY?si=sqDaWdhSMGFrs_gs,這幾天持續走進店家、拜訪鄉親。謝大家願意留幾分鐘給我，聽我聊聊對花蓮市政的想法，也和我分享生活中真正遇到題。次次的交談，讓我更了解這座城市，也更知道接下來該努力的方向。近雨勢不小，大家出門務必注意安全、留意路況。會繼續走、繼續聽、繼續做。蓮可以更好，我們一起努力！,0000年00月00日戴于文,0000年00月00日戴于文-Ⅱ詢問回應
2026/09/17,https://www.youtube.com/live/b7j13jk-LrU?si=AXWG2XIcWdQg1D9m,【LIVE】鐵人行程第四天，競選總部成立動員令！玉津咖啡 feat. 柯文哲,1962年12月21日張啓楷,1962年12月21日張啓楷-Ⅱ詢問回應
2026/08/09,https://youtu.be/LJuEfn4bjMc?si=f4nB9Wjxl87EvVUE,中聯毒油該重罰，政府也要說清楚：食安破網為何沒攔住？,1962年12月21日張啓楷,1962年12月21日張啓楷-Ⅰ發現問題+1
2026/07/25,https://youtu.be/bDRWxALcCH0?si=P6g3v6D-ndgyy2Jk,卓榮泰道歉、王美惠踹共！啓楷四大訴求捍衛嘉義人權益 #食安 #嘉義輕軌 #台灣民眾黨 #柯文哲 #張啓楷 #卓榮泰 #王美惠 @艾草愛對囉,1962年12月21日張啓楷,1962年12月21日張啓楷-Ⅰ發現問題+2
2026/01/22,https://youtu.be/zLdZaMNHLU4?si=jARIb0_PnNo5h7vA,賴清德彈劾案質詢發言全紀錄-歷史性一刻！立院首度彈劾總統！違法狂砍地方2600億預算、社宅全跳票！ 2026-01-21 立法院院會,1962年12月21日張啓楷,1962年12月21日張啓楷-Ⅰ發現問題+2
2025/12/10,https://youtu.be/vb3XQ9Pjie8?si=YNDnAl5psc04tYZd,全台狂砍2646億補助款！這是違法亂紀的土匪政府！-20251210-財政委員會,1962年12月21日張啓楷,1962年12月21日張啓楷-Ⅰ發現問題+1
2025/11/27,https://youtu.be/mhdD_kv1zsU?si=X4G4kmvXQ40IomcL,清朝就有開墾證明！原墾戶世代住山區，卻被當「濫墾戶」硬拆房-20251127-經濟委員會<br>#永夜暗夜：非法增建=違建，只拆除部分會形成「危樓」影響結構。,1962年12月21日張啓楷,1962年12月21日張啓楷-Ⅲ負面行為
2025/11/27,https://youtu.be/apXGy4IGwwE?si=uqah5fRLcil33OIs,體育協會亂象叢生！支持改革、要透明有監督！- 20251112 教育及文化委員會,1962年12月21日張啓楷,1962年12月21日張啓楷-Ⅱ詢問回應
2025/11/06,https://youtu.be/bpSHMYlgpjk?si=T3rZ_8ku4p61chD5,外送員苦等13年！專法不能再拖！20251106-「外送平台管理暨從業人員權益保障法草案」及「外送員權益保障及外送平臺管理法草案」公聽會,1962年12月21日張啓楷,1962年12月21日張啓楷-Ⅰ建議方法+1
2025/11/05,https://youtu.be/x-PZus0RZTk?si=HBQ5rHOG37iZWdP5,北門光電黑勢力恐嚇？居民求助無門！經濟部遭質疑成「光電黑金門神」-20251105-經濟,1962年12月21日張啓楷,1962年12月21日張啓楷-Ⅰ發現問題+1
2025/10/24,https://youtu.be/zGqupenKijI?si=nt_LuzPfCAEsoek7,七成民意要直播！立院三讀後為何還被「蓋黑布」？20251022-司法,1962年12月21日張啓楷,1962年12月21日張啓楷-Ⅰ發現問題+1
2025/10/23,https://youtu.be/OdFbfp-XKew?si=98zoG0Okm0VQy9aj,外送員權益被放生13年，還要再拖？ 20251022-衛環,1962年12月21日張啓楷,1962年12月21日張啓楷-Ⅰ發現問題+1
2025/10/21,https://youtu.be/tuNb-yQlm9Y?si=GpAMuXTUOLwku230,滯洪池光電板風災清理亂象，三個月後依然不堪檢驗 2025-10-20 衛環委員會,1962年12月21日張啓楷,1962年12月21日張啓楷-Ⅰ發現問題+1
2025/10/21,https://youtu.be/GJUa9mIWs_I?si=C0X7heegHL3uKgVZ,零日攻擊步槍打軍艦? TaiwanPlus燒納稅錢卻不用指標稽核? 2025-10-20 國家發展委員會業務報告,1962年12月21日張啓楷,1962年12月21日張啓楷-Ⅰ發現問題+1
2025/10/17,https://youtu.be/wm7uJ1A3vVY?si=lxhoV5_aHdxrzdDL,一瓶水120元？一張桌子250萬？該發就發、該刪就刪！20251017-中央政府因應國際情勢強化經濟社會及民生國安韌性特別預算案,1962年12月21日張啓楷,1962年12月21日張啓楷-Ⅰ發現問題+1
2025/10/16,https://youtu.be/ORFSRApqtKI?si=476MaKV2ra7dElRo,警消退休金年底前確定可領多少　張啓楷籲行政院依法編列勿拖延！20251016-內政,1962年12月21日張啓楷,1962年12月21日張啓楷-Ⅰ發現問題+1
2025/10/16,https://youtu.be/Q2uVxb17BoQ?si=otLQ_KmzFLe1ikzc,紐西蘭鮮乳零關稅卻不降反漲？張啓楷揭通路抽成40%、生產者沒賺、消費者被宰！20251016-經濟委員會,1962年12月21日張啓楷,1962年12月21日張啓楷-Ⅰ發現問題+1
2025/10/13,https://youtu.be/ujaZLMmNx8w?si=baiKbricIozI3wki,北門光電包圍民宅、烏山頭水庫恐釋塑膠微粒！ 20251013-丹娜絲颱風及728豪雨災後復原重建情形,1962年12月21日張啓楷,1962年12月21日張啓楷-Ⅰ發現問題+1
2025/08/29,https://youtu.be/FbMtumcQurU?si=uoud_c9ZaxJxC2ep,大罷免大失敗--卓榮泰不甩賴清德 繼續硬幹-20250828-院會,1962年12月21日張啓楷,1962年12月21日張啓楷-Ⅰ發現問題+1
2025/12/01,https://youtu.be/Isw4zOJa8CM?si=c-nRFyfWYjpIqOSS,台美關稅談判進度_核三重啟進度追蹤 - 20251201 經濟委員會<br>#永夜暗夜：你知道他們在做壞事，但是他們的技巧性規避了你的質問。,1962年12月21日張啓楷,1962年12月21日張啓楷-Ⅱ詢問回應
2025/08/21,https://youtu.be/EwNikqS7fms?si=iyMQHe6w4YpW0f4Q,【震驚！】經濟部長竟然不懂核三公投題目？-20250820-經濟委員會,1962年12月21日張啓楷,1962年12月21日張啓楷-Ⅰ發現問題+1
2025/08/19,https://youtu.be/hHadne-6nGE?si=sLkUURrLidHhkV0j,[全程字幕] 核能能不能ep2-feat. 李敏教授_直播精華,1962年12月21日張啓楷,1962年12月21日張啓楷-Ⅱ詢問回應
2025/08/15,https://youtu.be/XaxPO3i9Sfs?si=JcRX0y9D3abS_B8M,【黃偉哲條款入法】災民補助加碼、重建加速，防杜預算挪用、嚴格國會監督,1962年12月21日張啓楷,1962年12月21日張啓楷-Ⅱ詢問回應
2025/08/08,https://youtu.be/HaRB5BS51bc?si=V8JVvrv3ou8aeQEt,【救災慢半拍？】三合院屋頂飛了、電話打不通，政府在哪裡？-20250804-交通委員會,1962年12月21日張啓楷,1962年12月21日張啓楷-Ⅰ發現問題+1
2025/07/30,https://youtu.be/0eeSUy467cM?si=BaJOZ6pDiRh_vYGi,７２６不是完全沒作用，#賴清德 總統昨晚終於宣布成立 #前進指揮所！,1962年12月21日張啓楷,1962年12月21日張啓楷-Ⅱ詢問回應
2025/07/02,https://youtu.be/_Z3gfH8gCJo?si=gYaYDyPCnX2ouBKk,[全程字幕] 核能能不能-feat. 葉宗洸教授_直播精華,1962年12月21日張啓楷,1962年12月21日張啓楷-Ⅱ詢問回應
2025/06/27,https://youtu.be/xlus-WGch28?si=RG2bdU9oPhJo7MOn,抹煞改革還是落實正義？台灣法庭直播不能再等！-20250627-黨團協商,1962年12月21日張啓楷,1962年12月21日張啓楷-Ⅱ詢問回應
2021/12/16,https://www.youtube.com/watch?v=TafxTz1_7rs,一起支持大步向前的台灣,1980年12月31日吳怡農,1980年12月31日吳怡農-Ⅱ宣揚口號
2022/03/30,https://www.youtube.com/watch?v=nK0kh3Gd0tk,太魯閣列車事故 乘客及救災人員訪談（專題 PODCAST）,1980年12月31日吳怡農,1980年12月31日吳怡農-Ⅱ詢問回應
2022/11/14,https://www.youtube.com/watch?v=W73DeKF6Wgg,「18歲公民權」修憲案,1980年12月31日吳怡農,1980年12月31日吳怡農-Ⅱ宣揚口號
2023/01/02,https://www.youtube.com/watch?v=8wwFzOtR5eo,你的選票就是改變的關鍵 怡農想對你說－回家篇,1980年12月31日吳怡農,1980年12月31日吳怡農-Ⅱ宣揚口號
2023/01/02,https://www.youtube.com/watch?v=PA_0-mCTyC4,你的選票就是改變的關鍵 怡農想對你說－政見篇,1980年12月31日吳怡農,1980年12月31日吳怡農-Ⅱ宣揚口號
2023/01/03,https://www.youtube.com/watch?v=jK7al12F8Qc,你就是改變的關鍵 怡農想對你說,1980年12月31日吳怡農,1980年12月31日吳怡農-Ⅱ宣揚口號
2023/01/05,https://www.youtube.com/watch?v=yUplj6OvxMU,讓國際看見台灣的決心與能力,1980年12月31日吳怡農,1980年12月31日吳怡農-Ⅱ宣揚口號
2025/09/03,https://www.youtube.com/watch?v=CsfjVzdCZ2I,多國啟動社群與校園手機禁令，如何保護兒少身心健康？ — ft. 陳培瑜｜【農好好說】EP1,1980年12月31日吳怡農,1980年12月31日吳怡農-Ⅱ詢問回應|陳培瑜-Ⅱ詢問回應
2025/10/01,https://www.youtube.com/watch?v=EClZuYQYQNQ,托育不到位，帶來階層、性別、競爭力問題 — ft. 劉毓秀｜【農好好說】EP3,1980年12月31日吳怡農,劉毓秀-Ⅰ發現問題+1|1980年12月31日吳怡農-Ⅱ詢問回應
2025/10/15,https://www.youtube.com/watch?v=9NqAL3jpPjE,花蓮的災後復原：現場的筆記、民防的下一步 — ft. 林立青｜【農好好說】EP4,1980年12月31日吳怡農,1980年12月31日吳怡農-Ⅰ發現問題+1|林立青-Ⅰ發現問題+1|林立青-Ⅰ建議方法+1
2025/10/29,https://www.youtube.com/watch?v=N7kesv8WJbw,共產黨下的中國公民，還有思想自由嗎？— ft. Ian Johnson｜【農好好說】EP5,1980年12月31日吳怡農,1980年12月31日吳怡農-Ⅱ詢問回應
2025/11/12,https://www.youtube.com/watch?v=xkz9NTvD6ac,台灣的國防課：改革軍隊文化 — ft. Michael Hunzeker｜【農好好說】EP6,1980年12月31日吳怡農,Michael Hunzeker-Ⅰ建議方法+3|1980年12月31日吳怡農-Ⅱ詢問回應
2025/11/26,https://www.youtube.com/watch?v=zJpsx0L8YHE,台灣救災的隱憂，災難醫療準備好了嗎？— ft. 蕭雅文｜【農好好說】EP7,1980年12月31日吳怡農,1980年12月31日吳怡農-Ⅱ詢問回應|蕭雅文-Ⅰ建議方法+3
2025/12/10,https://www.youtube.com/watch?v=Zu0KL2qdYtM,走進精神科的青少年，他們的求救訊號— ft. 劉黛玲｜【農好好說】EP8,1980年12月31日吳怡農,1980年12月31日吳怡農-Ⅱ詢問回應|劉黛玲-Ⅰ發現問題+1
2025/12/25,https://www.youtube.com/watch?v=29-aPNk3d-0,新世代改革政治的選舉策略— ft.Pita Limjaroenrat ｜【農好好說】EP9,1980年12月31日吳怡農,選舉|政治|Pita Limjaroenrat-Ⅰ發現問題+1|1980年12月31日吳怡農-Ⅱ詢問回應|
2026/01/08,https://www.youtube.com/watch?v=quo82M96pUk,在澳洲學急救，回台灣守護救護員安全 — ft.張育通｜【農好好說】EP10,1980年12月31日吳怡農,醫療急救|排班制度|1980年12月31日吳怡農-Ⅱ詢問回應|張育通-Ⅰ發現問題+1|張育通-Ⅰ建議方法+1